stop_id,stop_lat,stop_lon
908976.0,33.753899,-84.39156
907842.0,33.758082,-84.38759499999998
906647.0,33.640553000000004,-84.446198
908618.0,33.750161,-84.385915
906369.0,33.789669,-84.387414
907913.0,33.771472,-84.387258
908374.0,33.781247,-84.386342
908475.0,33.774699,-84.295417
908047.0,33.92113,-84.344268
907775.0,33.823501,-84.369313
902641.0,34.085992,-84.260559
908704.0,33.736564,-84.413653
907844.0,33.650282000000004,-84.448612
908639.0,33.847944,-84.367716
908628.0,33.677424,-84.44054200000002
908911.0,33.766110999999995,-84.387504
907907.0,33.754517,-84.469824
906827.0,33.845388,-84.358235
908872.0,33.910757000000004,-84.35189
908634.0,33.772647,-84.25160699999998
908435.0,33.756179,-84.397215
907845.0,33.931671,-84.351069
907843.0,33.748696,-84.395741
908603.0,33.887929,-84.30555600000002
907766.0,33.94495,-84.357275
903120.0,34.03815,-84.313769
908301.0,33.7173,-84.42503
908963.0,33.756478,-84.41723
908436.0,33.749951,-84.375675
908515.0,33.769856,-84.22890600000002
908845.0,33.902787,-84.28061
908629.0,33.70088,-84.428768
908438.0,33.775554,-84.281487
907960.0,33.772159,-84.428873
908186.0,33.860329,-84.33924499999998
907906.0,33.753246999999995,-84.44556800000002
130090.0,33.711379,-84.27158100000003
908437.0,33.757451,-84.352762
908958.0,33.756613,-84.403902
134088.0,33.699076,-84.09925799999998
140008.0,33.708942,-84.35940500000002
165056.0,33.651081,-84.489295
901560.0,33.792989,-84.320927
145114.0,33.688008,-84.489785
131020.0,33.7071,-84.220128
905047.0,33.771219,-84.374655
121010.0,33.698608,-84.482681
908566.0,33.765241,-84.312937
903358.0,33.780327,-84.23874599999998
211482.0,33.811196,-84.182803
210346.0,33.702106,-84.172974
211710.0,33.802098,-84.194198
122372.0,33.707124,-84.455263
158309.0,33.681367,-84.416012
906284.0,33.993077,-84.347099
144950.0,33.688804,-84.507221
902452.0,33.809956,-84.393039
904512.0,33.773518,-84.365112
906042.0,33.810994,-84.19382399999998
184036.0,33.588118,-84.469115
122014.0,33.70454,-84.462715
903425.0,33.76211,-84.197929
903581.0,33.802395000000004,-84.311049
900175.0,33.73874,-84.4336
908476.0,33.761803,-84.340825
151060.0,33.688895,-84.33703100000002
210392.0,33.65164,-84.480654
122050.0,33.709740000000004,-84.449141
211898.0,33.714872,-84.21289200000002
211670.0,33.616153999999995,-84.464761
107346.0,33.754236,-84.268627
176090.0,33.615688,-84.47278
210750.0,34.08987800000001,-84.25014
901608.0,33.816246,-84.181656
905154.0,33.763484000000005,-84.429862
212115.0,33.597177,-84.428674
165052.0,33.644348,-84.48905699999997
903818.0,33.810252,-84.273232
212439.0,33.640531,-84.417144
212236.0,33.506028,-84.360042
158374.0,33.681477,-84.42343100000002
901895.0,33.818595,-84.232404
130084.0,33.700233000000004,-84.270437
212110.0,33.594327,-84.409858
212100.0,33.605667,-84.435141
901796.0,33.788227,-84.325147
165075.0,33.65375,-84.493647
132116.0,33.711448,-84.187649
900612.0,33.818897,-84.35301199999998
146110.0,33.671337,-84.459648
905855.0,33.76032,-84.50611500000002
900861.0,33.734256,-84.532266
109020.0,33.752618,-84.196884
212168.0,33.573786,-84.350014
176048.0,33.63341,-84.492124
133029.0,33.702183000000005,-84.148201
211580.0,33.785463,-84.162077
159014.0,33.672592,-84.393394
176152.0,33.623512,-84.474121
158310.0,33.68118,-84.40826
134001.0,33.717559,-84.1451
903506.0,33.788646,-84.2322
114106.0,33.741352,-84.40278599999998
210501.0,33.683991,-84.500573
906088.0,33.801198,-84.206687
906162.0,33.892537,-84.23112900000002
145068.0,33.673782,-84.49702099999998
130096.0,33.718143,-84.275124
210746.0,34.099266,-84.241199
900349.0,33.8191,-84.45087
107174.0,33.738413,-84.273747
905928.0,33.853317,-84.381663
900684.0,33.751731,-84.49127800000002
120032.0,33.723303,-84.506875
212103.0,33.61323,-84.437398
902327.0,33.819005,-84.19377800000002
131133.0,33.710074,-84.203772
176157.0,33.624859,-84.460348
137056.0,33.712053000000004,-84.407715
902264.0,33.842188,-84.329468
111008.0,33.744949,-84.133041
903503.0,33.797554,-84.22393000000002
900892.0,33.745762,-84.508462
130112.0,33.711852,-84.25263100000002
133095.0,33.716584000000005,-84.12950699999998
905796.0,33.797735,-84.236785
900079.0,33.878148,-84.46904
212099.0,33.602046,-84.430047
134003.0,33.719769,-84.15456400000002
903078.0,34.041281,-84.342017
903290.0,33.740568,-84.510123
902745.0,33.990268,-84.343129
906040.0,33.80068,-84.201355
903749.0,33.765077000000005,-84.530123
902084.0,33.799405,-84.470146
108088.0,33.744041,-84.218763
190058.0,33.567817,-84.579876
906309.0,33.92001,-84.37894399999998
117120.0,33.743072999999995,-84.349091
903750.0,33.767638,-84.52429000000002
105264.0,33.740196000000005,-84.313865
902699.0,33.909002,-84.378784
902478.0,33.815194,-84.244463
211055.0,33.56295,-84.518218
901585.0,33.801495,-84.39299
153108.0,33.693090999999995,-84.25988100000002
900482.0,33.837061,-84.368146
900069.0,33.570023,-84.538593
166148.0,33.667057,-84.465253
901612.0,33.820891,-84.208333
902660.0,33.982438,-84.34294200000002
182025.0,33.600120000000004,-84.54930999999998
149042.0,33.68122,-84.396147
901765.0,33.839284,-84.379912
900451.0,33.816032,-84.39089200000002
121118.0,33.706215,-84.484239
108004.0,33.73735,-84.238861
211524.0,33.77384,-84.352985
904171.0,33.803638,-84.248131
212113.0,33.596065,-84.420438
148028.0,33.69654,-84.41388
210748.0,34.093047,-84.23984
905557.0,33.7873,-84.212456
134052.0,33.705515000000005,-84.135234
905260.0,33.849384,-84.32147900000002
905789.0,33.790478,-84.286774
109012.0,33.730289,-84.193184
901665.0,33.793506,-84.447294
212026.0,33.781456,-84.49215699999998
184022.0,33.602877,-84.472246
106110.0,33.732321,-84.283587
153011.0,33.693777000000004,-84.294375
212176.0,33.574061,-84.371624
905158.0,33.763459000000005,-84.417586
137074.0,33.698994,-84.407903
210990.0,34.022089,-84.326413
901112.0,33.781775,-84.247683
182028.0,33.594059,-84.549464
902639.0,34.087517,-84.269008
902999.0,33.918901,-84.349888
154004.0,33.674377,-84.258003
145075.0,33.670361,-84.503377
128130.0,33.724917,-84.320735
128074.0,33.698098,-84.324322
902526.0,33.813965,-84.353674
901037.0,33.763988,-84.37185600000002
901820.0,33.815615,-84.334896
211063.0,33.572334000000005,-84.46839200000002
902981.0,34.093963,-84.279531
901409.0,33.767197,-84.25275400000002
125126.0,33.713857,-84.397676
113108.0,33.738443,-84.426198
905554.0,33.786535,-84.279414
900637.0,33.835194,-84.3825
904187.0,33.800919,-84.213448
122042.0,33.711851,-84.44219
122136.0,33.699490000000004,-84.44838
211727.0,33.791718,-84.28094499999997
903827.0,33.785188,-84.26923599999998
124093.0,33.722025,-84.407678
120024.0,33.719657,-84.52089699999998
212124.0,33.581881,-84.411298
905376.0,33.9208,-84.27014
159123.0,33.680621,-84.378063
902498.0,33.843117,-84.25684100000002
212121.0,33.573339000000004,-84.41241600000002
210402.0,33.731819,-84.387846
906389.0,33.528321000000005,-84.660799
901554.0,33.803736,-84.414242
900080.0,33.840881,-84.42747299999998
184062.0,33.608929,-84.471069
212193.0,33.633875,-84.289575
904766.0,33.77301,-84.416565
900181.0,33.726124,-84.445993
902841.0,34.045385,-84.29406999999998
153028.0,33.689564000000004,-84.27268199999997
904042.0,33.779497,-84.498922
900247.0,33.733199,-84.43750899999998
106136.0,33.727925,-84.28015500000002
210390.0,33.650040999999995,-84.470934
144100.0,33.691202000000004,-84.514341
905970.0,33.929394,-84.265047
212154.0,33.579446000000004,-84.383374
211572.0,33.766373,-84.397584
901227.0,33.759379,-84.370245
120018.0,33.724076000000004,-84.511954
136124.0,33.69941,-84.41843
906292.0,33.914017,-84.379242
901030.0,33.759868,-84.172263
211129.0,33.579674,-84.469403
902758.0,33.924049,-84.31390400000002
906236.0,33.902848,-84.244862
903208.0,33.942707,-84.299725
900542.0,33.825866,-84.362372
901058.0,33.762547,-84.25829300000002
212215.0,33.562917,-84.413337
106168.0,33.747039,-84.291395
905447.0,33.847815999999995,-84.429512
108150.0,33.751247,-84.229396
906288.0,33.974982000000004,-84.353657
904070.0,33.7939,-84.276495
900940.0,33.759858,-84.178026
152024.0,33.687121999999995,-84.31064599999998
901325.0,33.732421,-84.568413
210172.0,33.656535,-84.511999
902622.0,34.020123,-84.361767
121018.0,33.702539,-84.474888
183006.0,33.5869,-84.51607
905371.0,33.884205,-84.220587
903745.0,33.767908,-84.51307
213081.0,33.785674,-84.40750899999998
902150.0,33.833846,-84.33988199999997
109018.0,33.727535,-84.185867
902059.0,33.797178,-84.322395
146228.0,33.68922,-84.458078
901846.0,33.824286,-84.179569
903333.0,33.756523,-84.238129
127052.0,33.72218400000001,-84.349424
108010.0,33.737149,-84.229359
900840.0,33.764275,-84.233762
107094.0,33.7388,-84.252083
191090.0,33.55362,-84.598025
176192.0,33.622105,-84.498817
903751.0,33.764011,-84.509755
902814.0,33.944666999999995,-84.371747
131030.0,33.70838,-84.23424
906362.0,33.924369,-84.377367
903868.0,33.777623,-84.47414
902135.0,33.785934000000005,-84.49166899999999
901979.0,33.838947999999995,-84.333288
902115.0,33.831781,-84.197946
905526.0,33.844399,-84.37180699999998
903117.0,34.042966,-84.332759
211891.0,33.65365300000001,-84.236214
212864.0,33.719169,-84.310293
903359.0,33.776903000000004,-84.244361
902968.0,34.047978,-84.28858100000002
212044.0,33.741919,-84.358126
901237.0,33.73733,-84.557701
905679.0,33.810589,-84.239441
900568.0,33.825135,-84.35449399999997
901949.0,33.800802000000004,-84.329161
213349.0,33.736925,-84.396785
905327.0,33.848104,-84.315439
211997.0,33.729619,-84.510554
903217.0,34.096344,-84.260561
212359.0,33.620083,-84.38229799999998
122387.0,33.722031,-84.464254
212021.0,33.65875,-84.503926
905634.0,33.88166,-84.290329
901370.0,33.746577,-84.49655
901290.0,33.726624,-84.59004200000003
905353.0,33.880196000000005,-84.274536
212089.0,33.639295000000004,-84.36105699999997
904102.0,33.806518,-84.17806800000002
159296.0,33.680822,-84.368114
902568.0,33.787974,-84.470495
164024.0,33.663878000000004,-84.522885
212141.0,33.570972999999995,-84.402804
903301.0,33.763773,-84.223151
904471.0,33.761578,-84.246902
212143.0,33.564783,-84.408459
901980.0,33.828878,-84.345736
210117.0,33.69749,-84.15589399999998
211221.0,33.659915000000005,-84.508663
133040.0,33.706031,-84.169359
212735.0,33.555726,-84.415346
902726.0,33.933964,-84.33758
213195.0,33.851859000000005,-84.20888599999998
902191.0,33.825342,-84.257488
175018.0,33.618226,-84.510975
905304.0,33.857078,-84.349041
901442.0,33.809281,-84.41291899999997
903130.0,34.007536,-84.353101
901919.0,33.837077,-84.311693
905627.0,33.879245000000004,-84.379733
901549.0,33.789043,-84.476591
901552.0,33.788638,-84.43700799999998
113036.0,33.734823,-84.42995400000002
211548.0,33.828136,-84.33876
905988.0,33.890188,-84.381275
211907.0,33.692440000000005,-84.08863199999998
133097.0,33.716570000000004,-84.135533
904121.0,33.764698,-84.451424
905652.0,33.879027,-84.248317
900880.0,33.752562,-84.486377
115130.0,33.736799,-84.38198100000002
903659.0,33.792119,-84.25831099999998
133148.0,33.70698,-84.115039
134016.0,33.710866,-84.108797
901610.0,33.825947,-84.19906999999998
903010.0,33.918943,-84.360434
153036.0,33.681346999999995,-84.27350200000002
132026.0,33.724709000000004,-84.178726
904731.0,33.781395,-84.410361
191082.0,33.570421,-84.574023
148042.0,33.659748,-84.407974
903428.0,33.763766,-84.20648299999998
145011.0,33.692724,-84.49015
905173.0,33.865654,-84.303093
212228.0,33.705025,-84.27555100000002
906312.0,34.061096,-84.324554
211378.0,33.763512,-84.437984
121174.0,33.722770000000004,-84.499747
211060.0,33.563479,-84.468539
129294.0,33.711333,-84.291917
900421.0,33.818648,-84.46274
906136.0,33.856338,-84.313848
126120.0,33.71832,-84.368482
212510.0,33.621781,-84.369688
904202.0,33.790421,-84.17186
212517.0,33.527578000000005,-84.363054
900977.0,33.754249,-84.476466
151090.0,33.692454999999995,-84.350708
906001.0,33.857882000000004,-84.38148100000002
130169.0,33.718166,-84.25228
212358.0,33.620775,-84.376839
105228.0,33.747446999999994,-84.328539
906392.0,33.517396999999995,-84.669803
212088.0,33.635249,-84.358884
211540.0,33.566881,-84.522989
133164.0,33.70367,-84.15965
193002.0,33.578668,-84.498211
210065.0,33.766815,-84.19489899999998
158288.0,33.679518,-84.432041
210380.0,33.793192,-84.407909
903150.0,33.970314,-84.35964399999997
901947.0,33.803434,-84.333578
210024.0,33.756153000000005,-84.165498
904092.0,33.791576,-84.235884
126097.0,33.728539000000005,-84.378465
211889.0,33.651277,-84.243904
900031.0,33.715668,-84.392104
904668.0,33.781388,-84.404391
138004.0,33.711254,-84.381989
100014.0,33.745587,-84.417784
904342.0,33.763481,-84.423479
210013.0,33.734513,-84.168313
901937.0,33.79901,-84.416163
902593.0,33.837153,-84.238781
169026.0,33.66198,-84.24609
903636.0,33.78637,-84.20340999999998
906087.0,33.895425,-84.239991
900427.0,33.862217,-84.292091
104068.0,33.746627000000004,-84.359052
904414.0,33.773743,-84.370636
211010.0,34.102819000000004,-84.255926
902347.0,33.774933000000004,-84.447526
133050.0,33.723202,-84.167702
902763.0,33.922049,-84.296748
902913.0,33.758338,-84.347739
902852.0,33.955399,-84.364582
110004.0,33.746738,-84.140968
134092.0,33.69953,-84.11731999999998
900698.0,33.745017,-84.55893
212496.0,33.518436,-84.36342900000002
213208.0,33.596515999999994,-84.333892
212660.0,33.564795000000004,-84.371054
105018.0,33.727647,-84.32533199999997
903302.0,33.769342,-84.235365
901667.0,33.8116,-84.426369
212231.0,33.619465000000005,-84.362459
212408.0,33.518449,-84.407478
212876.0,33.735991,-84.565001
133022.0,33.705687,-84.14223100000002
106096.0,33.737281,-84.287323
902131.0,33.799299,-84.370757
184098.0,33.597156,-84.498187
212709.0,33.637761,-84.31974100000002
212053.0,34.068812,-84.27721899999997
905631.0,33.885544,-84.288221
902872.0,34.0383,-84.30651
165048.0,33.640148,-84.491117
212542.0,33.627217,-84.38566800000002
211942.0,33.798717,-84.280136
900314.0,33.849332000000004,-84.213374
900209.0,33.729683,-84.44066600000002
153044.0,33.673804,-84.26377600000002
900269.0,33.85131,-84.249269
145310.0,33.682272999999995,-84.493737
138040.0,33.707018,-84.397561
131050.0,33.718395,-84.228491
905465.0,33.862521,-84.306967
159042.0,33.665097,-84.380289
904480.0,33.782677,-84.354515
210029.0,33.747507,-84.165352
114236.0,33.734075,-84.401608
134112.0,33.698609999999995,-84.108081
108094.0,33.736843,-84.216849
114092.0,33.729164000000004,-84.40790600000003
130118.0,33.709747,-84.266975
122034.0,33.714463,-84.434262
902850.0,33.962807,-84.365623
212434.0,33.544686,-84.40273499999998
137044.0,33.707047,-84.407948
128088.0,33.712376,-84.329352
159084.0,33.673525,-84.371444
106312.0,33.734315,-84.309812
150026.0,33.688701,-84.36411
212084.0,33.623791,-84.354049
128190.0,33.717245,-84.329831
212194.0,33.648336,-84.365491
902791.0,34.028137,-84.335359
903575.0,33.781913,-84.456629
211497.0,33.828521,-84.331198
901477.0,33.821585,-84.334755
900055.0,33.764899,-84.349122
139054.0,33.706543,-84.37945400000002
211058.0,33.552183,-84.465586
213272.0,33.836841,-84.200789
131166.0,33.719189,-84.21501500000002
211401.0,33.727363000000004,-84.36230400000002
901602.0,33.817682,-84.31359300000003
213044.0,33.75457,-84.374438
148048.0,33.66525,-84.40853299999998
900125.0,33.870717,-84.456266
184029.0,33.596357,-84.46880300000002
210131.0,33.708321000000005,-84.214411
905765.0,33.850395,-84.36234300000002
900643.0,33.819984000000005,-84.388664
900905.0,33.761717,-84.469838
905805.0,33.851746,-84.335227
212353.0,33.6162,-84.352853
900789.0,33.750368,-84.550913
903998.0,33.798501,-84.307112
211457.0,33.745825,-84.406087
153122.0,33.673559999999995,-84.277547
191086.0,33.568940999999995,-84.556442
902780.0,34.054726,-84.277286
902643.0,34.081,-84.261262
122128.0,33.700657,-84.45474300000002
213215.0,33.848244,-84.200967
902961.0,33.936055,-84.379108
900293.0,33.848369,-84.244734
144014.0,33.684635,-84.506342
904428.0,33.773975,-84.35850500000002
902915.0,33.735796,-84.510254
122250.0,33.721315999999995,-84.455549
193016.0,33.571490000000004,-84.490625
212803.0,33.704673,-84.35570899999998
212724.0,33.63989,-84.373834
900800.0,33.769176,-84.472037
212125.0,33.589959,-84.408909
212346.0,33.613997,-84.448479
905408.0,33.849614,-84.377089
212152.0,33.58183,-84.378538
900044.0,33.820584999999994,-84.363316
150208.0,34.057356,-84.26929200000002
129050.0,33.713869,-84.304763
905744.0,33.900208,-84.380478
902713.0,33.981056,-84.35043399999998
906321.0,33.985492,-84.350498
901328.0,33.74932800000001,-84.47478199999998
900403.0,33.856091,-84.29613499999998
905142.0,33.777245,-84.408516
905722.0,33.913719,-84.29910100000002
213199.0,33.599497,-84.33764599999998
903606.0,33.795365999999994,-84.26288199999998
158156.0,33.662837,-84.415665
904180.0,33.785697,-84.237946
901233.0,34.069716,-84.258924
115160.0,33.727117,-84.39295
133138.0,33.714051,-84.123979
107162.0,33.738092,-84.259041
905252.0,33.845733,-84.325659
210199.0,33.665902,-84.472679
118040.0,33.710708000000004,-84.591185
108022.0,33.736821,-84.22263199999998
105572.0,33.74749,-84.313846
902653.0,34.061055,-84.289146
902140.0,33.808166,-84.364993
903244.0,33.760242,-84.189991
901196.0,33.754448,-84.48175
159008.0,33.666538,-84.392387
903305.0,33.759918,-84.2416
210602.0,33.673224,-84.38314
130158.0,33.700098,-84.251501
211238.0,33.929021,-84.295337
212156.0,33.57784,-84.389448
904204.0,33.808218,-84.170679
183026.0,33.607414,-84.53043000000002
113116.0,33.738,-84.420632
906185.0,33.875217,-84.252687
153056.0,33.694227000000005,-84.271929
901355.0,33.763241,-84.411346
903832.0,33.807035,-84.183257
212080.0,33.618088,-84.357553
905580.0,33.873007,-84.381089
107240.0,33.749856,-84.263825
901190.0,33.749951,-84.45519399999998
902984.0,33.999743,-84.350622
164002.0,33.651716,-84.513334
210129.0,33.69721,-84.17307
191046.0,33.57718,-84.55984000000002
901636.0,33.817982,-84.267352
182038.0,33.581593,-84.551349
211556.0,33.62858,-84.472098
210620.0,33.725607000000004,-84.401578
210382.0,33.843243,-84.24404200000002
139010.0,33.70275,-84.376622
906195.0,33.843235,-84.314601
105186.0,33.753239,-84.325806
125046.0,33.719056,-84.384956
900131.0,33.693653999999995,-84.095972
211059.0,33.55673,-84.467073
903640.0,33.759833,-84.539448
903793.0,33.807681,-84.268436
150162.0,34.062669,-84.26540200000002
213075.0,33.76795300000001,-84.404903
148072.0,33.69035,-84.408357
906134.0,33.852543,-84.318105
905544.0,33.885533,-84.247842
210071.0,33.777007,-84.19260899999998
127040.0,33.72664,-84.357185
212713.0,33.648136,-84.335613
906332.0,33.929308,-84.37919000000002
211314.0,33.721551,-84.3149
902139.0,33.785774,-84.427847
210107.0,33.633143,-84.532209
105474.0,33.740038,-84.345381
159128.0,33.681074,-84.384732
130108.0,33.710004,-84.247613
212850.0,33.687909000000005,-84.347143
901810.0,33.810603,-84.37070899999998
906271.0,33.92793,-84.27271800000003
113044.0,33.732205,-84.424288
212875.0,33.771043,-84.28230500000002
211337.0,33.562971999999995,-84.584469
903347.0,33.726792,-84.51775400000002
902196.0,33.828721,-84.250096
122304.0,33.722427,-84.437501
906260.0,33.906577,-84.254553
106342.0,33.728568,-84.308802
211995.0,33.903095,-84.239558
146292.0,33.678774,-84.46590400000002
212479.0,33.534364000000004,-84.364142
906295.0,34.065865,-84.319
117121.0,33.747561,-84.34916
184090.0,33.601836,-84.49989000000002
129192.0,33.726246,-84.292436
903042.0,33.926224,-84.33303599999998
212576.0,33.564382,-84.34434300000002
211339.0,33.659056,-84.429505
900900.0,33.753751,-84.433436
902581.0,33.78645,-84.381713
213121.0,33.858409,-84.183719
166094.0,33.65934,-84.43914000000002
901339.0,33.857529,-84.20529599999998
902578.0,33.800296,-84.41126700000002
903840.0,33.755451,-84.499831
212579.0,33.588225,-84.338024
213226.0,33.643640999999995,-84.455517
905309.0,33.86861,-84.283438
146406.0,33.683074,-84.44178000000002
149045.0,33.698895,-84.392884
904101.0,33.786599,-84.21806600000002
900139.0,33.744294000000004,-84.438804
212777.0,33.677015000000004,-84.307542
213182.0,33.562019,-84.337575
902446.0,33.818814,-84.226659
118018.0,33.715015,-84.590645
116128.0,33.733634,-84.373566
108124.0,33.727219,-84.213844
171010.0,33.705439,-84.280863
128036.0,33.714801,-84.320594
150022.0,33.688788,-84.36978
902949.0,34.050212,-84.281017
902787.0,34.035876,-84.342867
212699.0,33.592215,-84.294282
102316.0,33.75352,-84.381276
903960.0,33.790347,-84.306462
900278.0,33.849732,-84.25865300000002
131078.0,33.724026,-84.234085
212671.0,33.60755,-84.381095
212918.0,33.591072,-84.427635
212577.0,33.580364,-84.34016
904502.0,33.759586,-84.443686
212898.0,33.713646000000004,-84.310435
212041.0,33.689335,-84.414468
901378.0,33.729825,-84.572665
901216.0,33.758333,-84.262862
132012.0,33.711490999999995,-84.193306
905861.0,33.776996999999994,-84.463348
146266.0,33.690502,-84.46520799999998
904143.0,33.812687,-84.30675
148092.0,33.655399,-84.39965
210075.0,33.786597,-84.195757
176230.0,33.612578000000006,-84.500261
901685.0,33.797324,-84.427144
144068.0,33.680822,-84.53774399999998
149064.0,33.688671,-84.390462
212750.0,33.563542,-84.325136
210103.0,33.628031,-84.527354
109030.0,33.737607000000004,-84.19411
900666.0,33.82846,-84.387532
106440.0,33.748244,-84.280274
212157.0,33.575742,-84.394696
107082.0,33.744122,-84.253112
210122.0,33.700205,-84.163504
107250.0,33.744949,-84.260264
212786.0,33.660847,-84.30313699999998
902805.0,33.941174,-84.270802
190021.0,33.569705,-84.562351
904090.0,33.803948,-84.239013
211405.0,33.69696,-84.373728
210061.0,33.75208,-84.219916
154018.0,33.693469,-84.253002
903219.0,34.06095,-84.242611
212668.0,33.598044,-84.378365
903308.0,33.724920000000004,-84.57088
146254.0,33.694764,-84.45725300000002
905867.0,33.891457,-84.284859
902978.0,34.092248,-84.284312
212773.0,33.593112,-84.301898
213119.0,33.624685,-84.397832
134064.0,33.718349,-84.108276
212805.0,33.700672999999995,-84.350993
103083.0,33.745528,-84.379248
212884.0,34.069596000000004,-84.29346
905968.0,33.92241,-84.28113
144054.0,33.692036,-84.53433100000002
902801.0,34.044106,-84.299527
906210.0,33.90099,-84.250789
212410.0,33.518147,-84.415021
901074.0,33.764097,-84.366453
107306.0,33.750649,-84.274663
212207.0,33.669525,-84.367673
904968.0,33.771275,-84.394047
212485.0,33.553482,-84.359098
105236.0,33.747545,-84.3358
903665.0,33.773282,-84.473467
146122.0,33.675112,-84.45074
210321.0,33.705814000000004,-84.12192399999998
901930.0,33.800256,-84.46221800000002
166078.0,33.667483000000004,-84.444567
902866.0,33.949857,-84.33646
211462.0,33.70227,-84.089156
110008.0,33.749,-84.14908
212192.0,33.658005,-84.286124
905879.0,33.875918,-84.274582
900501.0,33.852226,-84.25415600000002
902602.0,33.796426000000004,-84.486118
902456.0,33.795818,-84.387745
212159.0,33.574262,-84.399326
905275.0,33.8602,-84.20007700000002
118006.0,33.724327,-84.577538
144092.0,33.693146,-84.518984
132122.0,33.705001,-84.182192
213209.0,33.55712800000001,-84.30083499999998
133066.0,33.721937,-84.161666
212752.0,33.561554,-84.317621
166166.0,33.659952000000004,-84.455414
120068.0,33.706005,-84.506485
900081.0,33.837361,-84.420362
211725.0,33.671535,-84.514315
102252.0,33.7416,-84.387733
127046.0,33.715202000000005,-84.349396
902439.0,33.817704,-84.216977
212032.0,33.917658,-84.303795
900356.0,33.850159000000005,-84.219543
903657.0,33.789864,-84.25241899999997
903103.0,34.028401,-84.357669
212852.0,33.640974,-84.405023
213202.0,33.573264,-84.338249
212200.0,33.659807,-84.355474
211073.0,33.608788,-84.46299
901546.0,33.82222,-84.31628
212016.0,33.763451,-84.403583
121162.0,33.719827,-84.486386
213090.0,33.755326000000004,-84.50543
210978.0,33.802226,-84.43630999999998
211397.0,33.730511,-84.33023399999998
167008.0,33.654653,-84.3563
210987.0,33.702693,-84.287677
902095.0,33.825071,-84.290447
902374.0,33.772942,-84.44228199999998
902690.0,33.957865000000005,-84.301975
901420.0,33.750122,-84.501689
107112.0,33.728802,-84.251961
903584.0,33.785746,-84.243188
904444.0,33.782371999999995,-84.343407
210743.0,34.104192,-84.248717
211144.0,33.601007,-84.46443000000002
121134.0,33.698248,-84.496488
904917.0,33.771242,-84.381984
105339.0,33.747402,-84.32356
210596.0,33.722086,-84.39320699999998
901399.0,33.755086,-84.458279
212004.0,33.863821,-84.445009
213381.0,33.626026,-84.57858399999998
900123.0,33.880217,-84.46070300000002
151008.0,33.697521,-84.355402
137028.0,33.672787,-84.408485
211426.0,33.658972,-84.422827
213426.0,33.802031,-84.480714
129012.0,33.704363,-84.30834
902422.0,33.789334999999994,-84.376277
902683.0,33.946366,-84.302981
211736.0,33.775367,-84.162316
901562.0,33.805911,-84.463229
210138.0,33.725416,-84.417846
210113.0,33.6484,-84.52081700000002
905751.0,33.853765,-84.430901
903520.0,33.754799,-84.545896
900508.0,33.846488,-84.251636
106206.0,33.739073,-84.293811
106194.0,33.739902,-84.299225
902617.0,33.842332,-84.233226
105075.0,33.73999,-84.33256
900696.0,33.741692,-84.563446
904333.0,33.773163000000004,-84.40348399999998
100090.0,33.742262,-84.428855
158314.0,33.68118,-84.40288100000002
108080.0,33.747195,-84.22229200000002
211871.0,33.690968,-84.471846
210001.0,33.780879,-84.161423
122240.0,33.723175,-84.45026999999997
124054.0,33.716171,-84.408058
900098.0,33.840891,-84.321425
904704.0,33.781766999999995,-84.363428
904178.0,33.810634,-84.29167199999998
133078.0,33.713823,-84.165562
903882.0,33.800761,-84.26634200000002
129226.0,33.722401,-84.27726
905375.0,33.91108,-84.26247
176060.0,33.624393,-84.466248
901803.0,33.813256,-84.43975400000002
175014.0,33.621288,-84.505638
153098.0,33.673611,-84.270618
901692.0,33.808149,-84.375277
175022.0,33.612418,-84.520195
192002.0,33.580326,-84.502921
904526.0,33.776691,-84.34749599999998
149020.0,33.689903,-84.396101
213210.0,33.858281,-84.18893299999998
905017.0,33.781454,-84.399218
117014.0,33.734098,-84.349373
904882.0,33.779841,-84.369321
903614.0,33.79097,-84.30139
900124.0,33.876973,-84.456331
906263.0,33.868447,-84.33489200000002
905777.0,33.885597,-84.25572199999998
905954.0,33.89745,-84.30274399999998
212173.0,33.572739,-84.363304
212481.0,33.545224,-84.368712
113148.0,33.728551,-84.427152
105349.0,33.739838,-84.32635400000002
900196.0,33.733895000000004,-84.453113
903945.0,33.77017,-84.45652199999998
212767.0,33.574973,-84.303649
212953.0,33.59179,-84.481468
102222.0,33.743098,-84.398064
129298.0,33.70617,-84.29668000000002
100054.0,33.753443,-84.428174
105468.0,33.740140000000004,-84.33985
212512.0,33.507192,-84.354906
210069.0,33.772346,-84.19415
212415.0,33.534351,-84.418769
903284.0,33.764138,-84.377445
211964.0,33.579955,-84.48738900000002
906041.0,33.79017,-84.18091
183038.0,33.584227,-84.510102
905910.0,33.776682,-84.452226
130032.0,33.723743,-84.259303
901230.0,33.781751,-84.380535
212656.0,33.556289,-84.370558
159382.0,33.656252,-84.386809
184061.0,33.582291999999995,-84.491918
212923.0,33.763663,-84.456261
114080.0,33.737140999999994,-84.408295
213207.0,33.552732,-84.300966
159344.0,33.663052,-84.385826
902864.0,33.946090000000005,-84.334411
210348.0,33.732205,-84.112998
128104.0,33.718739,-84.33728
115082.0,33.736542,-84.38781
213018.0,33.524947999999995,-84.354652
153013.0,33.697477,-84.296715
905535.0,33.86891,-84.299769
153007.0,33.691663,-84.282826
158350.0,33.677058,-84.408427
146378.0,33.685512,-84.44771999999998
904104.0,33.78911,-84.185736
212086.0,33.628643,-84.355886
212039.0,33.653907000000004,-84.503361
213034.0,33.807315,-84.471466
154032.0,33.67436,-84.249636
901092.0,33.768164,-84.410002
212433.0,33.542282,-84.39637900000002
158044.0,33.669893,-84.423927
129124.0,33.719534,-84.29889399999998
169041.0,33.666336,-84.245115
212405.0,33.518215000000005,-84.395457
184102.0,33.590626,-84.500342
212717.0,33.644626,-84.344254
213201.0,33.558572,-84.31388000000003
212883.0,34.098389000000005,-84.27154499999997
901757.0,33.831619,-84.368001
901541.0,33.826413,-84.32486999999998
901056.0,33.74735,-84.434525
212443.0,33.610751,-84.316716
212881.0,34.100471,-84.26463100000002
212337.0,33.616186,-84.452802
106020.0,33.731719,-84.277023
902392.0,33.777390000000004,-84.384425
900933.0,33.76255,-84.217053
122214.0,33.714741,-84.451985
212527.0,33.570112,-84.342902
900443.0,33.867045000000005,-84.289679
213230.0,33.627175,-84.292771
212813.0,33.615594,-84.403814
903336.0,33.759832,-84.394827
210891.0,33.696921,-84.380409
212360.0,33.618520000000004,-84.393214
100061.0,33.747532,-84.426611
136048.0,33.710172,-84.41819699999998
108128.0,33.731342,-84.21373
211894.0,33.648677,-84.251604
902244.0,33.799316999999995,-84.47555200000002
905263.0,33.905083000000005,-84.27128499999998
900252.0,33.867443,-84.25039699999998
121138.0,33.720106,-84.471542
118052.0,33.725821,-84.582613
904711.0,33.775625,-84.42609399999998
902483.0,33.792711,-84.495357
144108.0,33.695353999999995,-84.523788
902175.0,33.81022,-84.33459
213181.0,33.834289,-84.20828
904582.0,33.779119,-84.296802
904905.0,33.763279,-84.279067
903715.0,33.756060999999995,-84.493038
903137.0,33.90785,-84.43808299999998
211703.0,33.64325,-84.52215
210300.0,33.81061,-84.4775
145096.0,33.685271,-84.468012
103095.0,33.746812,-84.36802
212742.0,33.640774,-84.354338
210136.0,33.718175,-84.417968
212502.0,33.632524,-84.389145
210059.0,33.758886,-84.222516
211651.0,33.890955,-84.322763
140106.0,33.708984,-84.349388
166156.0,33.65509,-84.45404
900026.0,33.692972999999995,-84.35777900000002
210147.0,33.586609,-84.479331
212847.0,33.75085,-84.516953
149035.0,33.694454,-84.390141
903571.0,33.782077,-84.474171
901526.0,33.822827000000004,-84.26299399999998
901272.0,33.76878,-84.354698
901689.0,33.808485,-84.435925
129094.0,33.697514,-84.302204
904227.0,33.772374,-84.507676
212181.0,33.666042,-84.28056
138034.0,33.709938,-84.393565
213339.0,33.694533,-84.083455
212413.0,33.521964000000004,-84.423112
213448.0,33.641894,-84.501099
212711.0,33.644332,-84.325288
213053.0,33.555965,-84.502336
122144.0,33.703577,-84.444992
212008.0,34.013949,-84.362997
211602.0,33.893515,-84.330342
128052.0,33.722777,-84.331939
212495.0,33.640184999999995,-84.39358
212424.0,33.539933000000005,-84.38573000000002
903351.0,33.738826,-84.446448
109042.0,33.74792,-84.196685
101042.0,33.749192,-84.410651
905509.0,33.885612,-84.31580699999998
555300.0,33.771776,-84.552421
211056.0,33.559206,-84.508329
212488.0,33.550261,-84.347972
130126.0,33.723534,-84.251343
905483.0,33.92347,-84.306676
211988.0,33.709043,-84.302146
211881.0,33.707761,-84.228504
211018.0,33.606545000000004,-84.499575
901572.0,33.788616,-84.331497
902364.0,33.772189000000004,-84.327485
107074.0,33.748207,-84.2509
120090.0,33.69685,-84.535397
213095.0,33.728894,-84.48038299999997
213125.0,34.105609,-84.26965
902635.0,34.042633,-84.327472
132032.0,33.723975,-84.17317
901652.0,33.815453999999995,-84.317891
906338.0,34.055408,-84.329323
905575.0,33.848972,-84.330568
107170.0,33.738221,-84.26665
901701.0,33.836425,-84.325245
212489.0,33.554864,-84.346824
212392.0,33.518023,-84.38714399999998
901996.0,33.814677,-84.236401
210608.0,33.652268,-84.38069300000002
901905.0,33.793246999999994,-84.372777
210196.0,33.663792,-84.477496
212748.0,34.073533000000005,-84.29125400000002
900845.0,33.791061,-84.394768
212217.0,33.612257,-84.28568
210164.0,33.900824,-84.299563
134106.0,33.726543,-84.110742
122224.0,33.717459000000005,-84.44673
211182.0,33.675302,-84.504148
901001.0,33.751932000000004,-84.46211600000002
107044.0,33.73175,-84.272079
212196.0,33.65071,-84.357892
108114.0,33.729675,-84.23831899999998
100080.0,33.742287,-84.423462
903691.0,33.785229,-84.461322
210325.0,33.701181,-84.18432800000002
159050.0,33.658039,-84.380882
901359.0,33.767339,-84.361138
213483.0,33.586601,-84.52807299999998
158166.0,33.674332,-84.418755
211600.0,33.80526,-84.188753
900016.0,33.929087,-84.340805
905418.0,33.876157,-84.28863199999998
106132.0,33.751533,-84.29221899999997
213285.0,33.967612,-84.260308
212770.0,33.582082,-84.303289
210019.0,33.730439000000004,-84.167278
906129.0,33.887171,-84.225222
902351.0,33.771311,-84.436038
210966.0,33.874994,-84.294236
902563.0,33.840839,-84.264255
903953.0,33.779522,-84.47955999999998
116124.0,33.730207,-84.370413
903720.0,33.758928000000004,-84.51952800000002
212518.0,33.537878000000006,-84.35114499999997
121026.0,33.70268,-84.469326
107102.0,33.734612,-84.25190699999997
131156.0,33.710993,-84.20993100000003
129214.0,33.72322800000001,-84.30776999999998
901683.0,33.792049,-84.426963
905266.0,33.908902000000005,-84.26686
213255.0,33.849186,-84.195175
211343.0,33.731557,-84.25716700000002
146024.0,33.674217,-84.43347800000002
902572.0,33.792874,-84.481239
212666.0,33.591688,-84.376787
903016.0,33.93340300000001,-84.29513100000001
903722.0,33.800034000000004,-84.25724
146282.0,33.684865,-84.45818
905471.0,33.873942,-84.330221
905763.0,33.86753,-84.381151
902760.0,33.909620000000004,-84.297065
212516.0,33.513799,-84.361021
213505.0,33.584159,-84.539971
902061.0,33.791901,-84.314616
212238.0,33.578727,-84.41538299999998
212419.0,33.551062,-84.41443000000002
905432.0,33.793690999999995,-84.29094
132118.0,33.709314,-84.173753
211568.0,33.573681,-84.567628
905466.0,33.847752,-84.304855
902253.0,33.787579,-84.355296
151144.0,33.686264,-84.35515600000002
107267.0,33.732334,-84.244522
212160.0,33.578796000000004,-84.374219
158416.0,33.658297999999995,-84.415899
117007.0,33.729077000000004,-84.34941500000002
903195.0,33.949764,-84.369957
146296.0,33.671943,-84.443075
900057.0,33.770994,-84.348895
902462.0,33.796566,-84.350187
212838.0,33.537618,-84.378096
136036.0,33.705147,-84.418159
212703.0,33.612744,-84.305192
106226.0,33.738496000000005,-84.280182
210316.0,33.703672,-84.153458
111017.0,33.74107,-84.12258
213354.0,33.703419,-84.104493
107150.0,33.737878,-84.246042
212417.0,33.543405,-84.416037
212716.0,33.570783,-84.310247
212726.0,33.650721999999995,-84.39271
212830.0,33.644681,-84.390414
902929.0,33.989597,-84.351974
900369.0,33.856731,-84.21248100000003
904112.0,33.766921999999994,-84.502781
211450.0,33.755858,-84.51434499999998
213326.0,33.718987,-84.378675
902676.0,33.898655,-84.294073
901232.0,33.814664,-84.348049
210083.0,33.793935,-84.194179
900746.0,33.785902,-84.225504
166196.0,33.66833,-84.43706999999998
906333.0,33.923119,-84.370666
902360.0,33.773852000000005,-84.337326
144081.0,33.688466,-84.527325
902473.0,33.836933,-84.256912
212054.0,34.068951,-84.267548
149007.0,33.696973,-84.398769
213174.0,33.555501,-84.338832
106054.0,33.73202,-84.293836
902920.0,34.074037,-84.257706
169056.0,33.653853000000005,-84.253564
213308.0,33.991163,-84.277277
106392.0,33.756223,-84.291402
900355.0,33.821359,-84.456238
105180.0,33.751171,-84.320145
122312.0,33.722369,-84.432502
900395.0,33.81493,-84.467354
212036.0,34.088753999999994,-84.256364
210600.0,33.701377,-84.399001
212701.0,33.600452000000004,-84.298608
905244.0,33.868889,-84.309349
901831.0,33.790759,-84.338123
212201.0,33.665966,-84.35575899999998
212951.0,33.649553000000004,-84.283783
121092.0,33.702889,-84.487339
213023.0,33.522537,-84.361892
211666.0,33.751331,-84.309678
901716.0,33.78799,-84.412014
900763.0,33.739445,-84.51763199999998
121180.0,33.698253,-84.48979399999997
901550.0,33.794225,-84.46962099999998
900635.0,33.821459000000004,-84.437893
906318.0,34.07832,-84.294505
211875.0,33.654983,-84.48426500000002
903267.0,33.730103,-84.460587
901680.0,33.801638,-84.43018000000002
900738.0,33.732991,-84.488988
904781.0,33.757114,-84.44959300000002
211029.0,34.052307,-84.28562099999998
900306.0,33.8719,-84.25771999999998
150048.0,33.68772,-84.377709
901912.0,33.785249,-84.421812
106124.0,33.742948,-84.290027
213131.0,33.628213,-84.409775
213332.0,33.74682,-84.234087
212906.0,34.069809,-84.285066
211188.0,33.684884999999994,-84.426422
146288.0,33.677843,-84.459006
906013.0,33.855739,-84.281812
210358.0,33.851628000000005,-84.301451
901786.0,33.805852,-84.424697
213494.0,33.582001,-84.530373
212827.0,33.740117,-84.16842199999998
213007.0,33.744906,-84.517123
901512.0,33.79526,-84.34474
211929.0,34.020433000000004,-84.321221
102253.0,33.746314,-84.38766700000002
905502.0,33.761002000000005,-84.462685
212603.0,33.905648,-84.42945300000002
213367.0,33.732465999999995,-84.198195
213139.0,33.857264,-84.17766800000003
906314.0,34.049427,-84.338387
191070.0,33.570448,-84.545969
211971.0,33.736535,-84.49570200000002
212779.0,33.681509000000005,-84.308638
905814.0,33.895022,-84.381388
212171.0,33.571945,-84.354724
905083.0,33.757489,-84.437823
121144.0,33.720229,-84.48029
212705.0,33.619873,-84.308836
902200.0,33.829113,-84.28014
904078.0,33.782761,-84.486896
902337.0,33.825008000000004,-84.19339000000002
213523.0,33.783459,-84.506939
213042.0,33.770232,-84.29269000000002
901976.0,33.831744,-84.32265500000003
210979.0,33.798272,-84.43418299999998
125004.0,33.724989,-84.388406
905875.0,33.896159999999995,-84.281937
904060.0,33.774153000000005,-84.478483
212371.0,33.611352000000004,-84.402725
144118.0,33.674649,-84.51000400000002
904713.0,33.779508,-84.428285
211516.0,33.699037,-84.50731
901651.0,33.81677,-84.32994599999998
120098.0,33.705509,-84.536774
902833.0,33.933932,-84.266111
900988.0,33.746258000000005,-84.52728
121062.0,33.720471999999994,-84.49233100000002
900511.0,33.862308,-84.251358
903297.0,33.73833,-84.48961
210054.0,33.911532,-84.42433100000002
105158.0,33.731236,-84.337211
144074.0,33.684726,-84.531911
210759.0,33.762182,-84.385979
900437.0,33.861156,-84.28638199999997
211655.0,33.6396,-84.457812
901878.0,33.819713,-84.30405
210190.0,33.658363,-84.480776
905278.0,33.859303000000004,-84.194489
212775.0,33.670749,-84.308065
900937.0,33.747634999999995,-84.46172299999998
128198.0,33.70732,-84.32799200000002
902723.0,34.040324,-84.31926700000002
211065.0,33.585073,-84.469175
902027.0,33.810124,-84.359961
904706.0,33.785084000000005,-84.304518
905188.0,33.853944,-84.35770500000002
210015.0,33.76768,-84.163658
128078.0,33.702556,-84.326321
105254.0,33.740017,-84.32069399999997
903588.0,33.793808,-84.269379
904370.0,33.78,-84.27948
176040.0,33.623238,-84.492142
903299.0,33.738428000000006,-84.441241
902500.0,33.820245,-84.249354
903735.0,33.768361,-84.49803299999998
213451.0,33.648438,-84.503072
140186.0,34.052054,-84.334336
905982.0,33.776488,-84.457394
901100.0,33.752520000000004,-84.349238
900622.0,33.83543,-84.357658
903938.0,33.770138,-84.461469
904286.0,33.78144,-84.393585
900991.0,33.752026,-84.440217
100040.0,33.74892,-84.42169399999999
166178.0,33.662325,-84.44666600000002
902481.0,33.802055,-84.49554
106412.0,33.747239,-84.30507
176076.0,33.631946,-84.45809200000002
212706.0,33.624117,-84.31056
120250.0,33.710214,-84.535009
905403.0,33.882355,-84.278966
903362.0,33.771721,-84.246034
901678.0,33.789502,-84.422174
900962.0,33.754037,-84.521777
115020.0,33.733248,-84.39353100000002
213311.0,34.005424,-84.297522
213462.0,33.786497,-84.393361
904574.0,33.757942,-84.251442
176160.0,33.636682,-84.46187900000002
901954.0,33.802752000000005,-84.458213
902705.0,34.067871000000004,-84.301473
905331.0,33.844801000000004,-84.339166
105198.0,33.753443,-84.33757299999998
212619.0,33.707392,-84.285436
212791.0,33.567374,-84.328401
210957.0,33.649190999999995,-84.462909
900925.0,33.78001,-84.26472
903275.0,33.75685900000001,-84.19728
904182.0,33.812672,-84.281749
212958.0,33.622798,-84.408564
904577.0,33.784859999999995,-84.29279
211896.0,33.656674,-84.241564
212853.0,33.751776,-84.165376
906174.0,33.926346,-84.2827
905250.0,33.87669,-84.325659
110012.0,33.751816,-84.154655
145088.0,33.690407,-84.483335
903761.0,33.769496000000004,-84.466687
212519.0,33.542203,-84.350094
901077.0,33.741571,-84.52550699999998
902379.0,33.768074,-84.441035
210861.0,33.893764000000004,-84.305773
153060.0,33.69205,-84.28890899999998
904065.0,33.790834000000004,-84.264881
105192.0,33.753399,-84.331616
902979.0,34.09337,-84.270926
176132.0,33.624041,-84.479676
152016.0,33.690113000000004,-84.316034
902029.0,33.830448,-84.309471
906081.0,33.9254,-84.27680600000002
903288.0,33.750087,-84.50746099999998
903182.0,33.909359,-84.43174599999998
213184.0,33.833937,-84.213787
902668.0,33.938949,-84.338213
212871.0,33.72661,-84.263409
126022.0,33.71363,-84.36806700000002
132130.0,33.70107,-84.17863
158280.0,33.665386,-84.42819899999998
212401.0,33.518008,-84.380489
210879.0,33.786241,-84.401833
213328.0,33.716624,-84.355246
145312.0,33.677974,-84.495357
901900.0,33.802026,-84.420036
210102.0,33.623843,-84.52621500000002
212732.0,33.583478,-84.419294
138100.0,33.701912,-84.385002
184057.0,33.584234,-84.484115
213016.0,33.529514,-84.354383
148078.0,33.685707,-84.408478
905351.0,33.891864,-84.294578
213513.0,33.619572999999995,-84.545771
183030.0,33.603653,-84.537976
213310.0,33.999523,-84.283837
212188.0,33.628846,-84.282947
165092.0,33.66066,-84.49545
903186.0,34.064854,-84.25352600000002
902562.0,33.834237,-84.271889
211057.0,33.55113,-84.47069499999998
212596.0,33.619033,-84.387506
158112.0,33.668178999999995,-84.419119
120120.0,33.712748,-84.506289
905647.0,33.862509,-84.380276
131036.0,33.709401,-84.242018
900620.0,33.830471,-84.355568
903651.0,33.76378,-84.477452
212722.0,33.639024,-84.368688
210017.0,33.760923,-84.164857
213431.0,33.762983,-84.484572
213470.0,33.611788,-84.40866
901719.0,33.793402,-84.414508
210140.0,33.722753999999995,-84.422037
106022.0,33.73226,-84.299204
118005.0,33.71972,-84.59055
904737.0,33.759373,-84.296646
212597.0,33.613434000000005,-84.349108
213190.0,33.840953000000006,-84.213288
213363.0,33.768442,-84.449049
123024.0,33.712353,-84.423349
902918.0,34.065942,-84.262005
212465.0,33.559171,-84.345784
902303.0,33.833675,-84.243584
211126.0,33.773247999999995,-84.42198
211552.0,34.089184,-84.273593
900411.0,33.841677000000004,-84.309497
109038.0,33.741003000000006,-84.19595699999998
212447.0,33.612225,-84.299374
903105.0,34.024347,-84.360722
211603.0,33.904055,-84.348893
212373.0,33.588246000000005,-84.423542
906315.0,34.066226,-84.309834
904132.0,33.779224,-84.508995
129120.0,33.722281,-84.294731
905942.0,33.845842,-84.285235
901993.0,33.803514,-84.339876
146192.0,33.681885,-84.46220600000002
211918.0,33.694111,-84.497489
900660.0,33.828728000000005,-84.415825
903315.0,33.744122999999995,-84.49080500000002
903993.0,33.806736,-84.310407
902817.0,34.057292,-84.28695
212399.0,33.517995,-84.36934699999998
147028.0,33.6941,-84.41865
905096.0,33.759621,-84.31047099999998
900774.0,33.727844,-84.4885
212686.0,33.633768,-84.317223
902033.0,33.841218,-84.296665
212899.0,33.731524,-84.26355699999998
212431.0,33.534371,-84.370885
105244.0,33.747589000000005,-84.341877
905592.0,33.885635,-84.29440600000002
900011.0,34.082476,-84.295051
905834.0,33.929696,-84.313337
213420.0,33.781715000000005,-84.416523
903865.0,33.775517,-84.469167
212366.0,33.602612,-84.40531999999997
901926.0,33.838526,-84.305689
904337.0,33.778494,-84.352932
212772.0,33.586862,-84.302073
101144.0,33.754506,-84.410251
212687.0,33.629372,-84.31371800000002
900244.0,33.744449,-84.482034
902470.0,33.791947,-84.353688
126086.0,33.722042,-84.373665
211945.0,33.659558000000004,-84.529477
213025.0,33.645955,-84.450885
109048.0,33.732685,-84.203704
906254.0,33.857509,-84.343414
212610.0,33.929136,-84.359948
900330.0,33.855867,-84.217386
212057.0,33.670189,-84.362363
901488.0,33.815018,-84.340805
906113.0,33.88736,-84.26500300000002
211092.0,33.702169,-84.529078
213312.0,34.014688,-84.308154
904843.0,33.759277000000004,-84.302994
212673.0,33.615284,-84.38313000000002
159018.0,33.676933,-84.39328
197030.0,33.541613,-84.616263
900257.0,33.855138000000004,-84.259095
212815.0,33.909725,-84.412575
212640.0,33.603522,-84.38002900000002
901732.0,33.820713,-84.186221
900188.0,33.748166,-84.442527
212602.0,33.607294,-84.343583
107334.0,33.75393,-84.250222
212090.0,33.643413,-84.363252
903971.0,33.773696,-84.485311
213014.0,33.706607,-84.129712
212683.0,33.648208000000004,-84.330239
213465.0,33.617065000000004,-84.413236
176162.0,33.631824,-84.467961
900764.0,33.732429,-84.527374
210353.0,33.78529,-84.258512
210109.0,33.636653,-84.526899
213303.0,33.988289,-84.273212
213509.0,33.579104,-84.54013499999998
212860.0,33.637260999999995,-84.283008
905081.0,33.769562,-84.2994
210447.0,33.91898,-84.36752
118050.0,33.719494,-84.58551
906388.0,33.523399,-84.66541600000002
901880.0,33.826553000000004,-84.30780899999998
125218.0,33.715435,-84.381203
211228.0,33.711545,-84.285282
903046.0,34.088795000000005,-84.29524
211194.0,33.693328,-84.366969
212442.0,33.610536,-84.32544
905265.0,33.9176,-84.27571
212991.0,33.758209,-84.466406
182014.0,33.587319,-84.548837
903265.0,33.726856,-84.46363199999998
211712.0,33.873132,-84.269325
900315.0,33.870374,-84.21673
901848.0,33.79785,-84.4964
901246.0,33.936608,-84.288676
906115.0,33.89387,-84.29940699999999
213398.0,33.772842,-84.40895
906393.0,33.53603,-84.64173000000002
906215.0,33.885119,-84.31012
213091.0,33.733651,-84.44757
212347.0,33.617627,-84.426378
212945.0,33.658178,-84.448169
102546.0,33.743984000000005,-84.393218
101030.0,33.748085,-84.401161
900722.0,33.775738,-84.265734
212395.0,33.517859,-84.37461400000002
132106.0,33.711451000000004,-84.18220600000002
213536.0,33.80698,-84.385611
176140.0,33.623413,-84.487001
105124.0,33.726859999999995,-84.33315
906024.0,33.878386,-84.218395
106362.0,33.745028999999995,-84.309525
902878.0,33.934982,-84.30611400000002
905118.0,33.780895,-84.274429
107302.0,33.742466,-84.269147
212380.0,33.52689,-84.42186
212365.0,33.60734,-84.403882
212746.0,33.570086,-84.332663
902856.0,34.031756,-84.339365
212435.0,33.546832,-84.407822
905384.0,33.876358,-84.309403
900311.0,33.84771,-84.227402
213543.0,33.675909999999995,-84.29123
213565.0,33.768733000000005,-84.367695
213325.0,33.715363,-84.375739
213488.0,33.585639,-84.534988
903132.0,34.008653,-84.359842
212754.0,33.568089,-84.314898
212477.0,33.539244000000004,-84.365966
212973.0,33.709788,-84.308339
904114.0,33.775303,-84.512305
905385.0,33.880609,-84.30942399999998
902889.0,33.922214000000004,-84.338831
903044.0,33.904514,-84.29514300000002
116020.0,33.736724,-84.36808
903638.0,33.812671,-84.174249
211034.0,33.810861,-84.381187
902403.0,33.771561,-84.321374
212475.0,33.550497,-84.37015699999998
131148.0,33.714873,-84.220299
106172.0,33.747136,-84.28609
801520.0,33.654782,-84.412681
213287.0,34.003347,-84.292571
903075.0,34.031257000000004,-84.353143
901603.0,33.815777000000004,-84.323425
212391.0,33.612232,-84.291887
902114.0,33.832404,-84.203724
906311.0,33.81354,-84.414774
903423.0,33.7598,-84.18308
900303.0,33.863323,-84.218277
903645.0,33.760326,-84.513486
906394.0,33.53768400000001,-84.626017
126004.0,33.725974,-84.368324
213189.0,33.567803000000005,-84.337446
905249.0,33.881281,-84.320237
902289.0,33.799485,-84.454983
210784.0,33.719283000000004,-84.165486
211680.0,33.616944000000004,-84.500303
904021.0,33.773523,-84.500089
211657.0,33.831777,-84.40740500000003
900599.0,33.839606,-84.358058
906148.0,33.932555,-84.285103
127068.0,33.717123,-84.361636
900719.0,33.774269,-84.25914
121112.0,33.711247,-84.483032
159004.0,33.658871000000005,-84.391609
904011.0,33.814125,-84.269683
213313.0,34.018553999999995,-84.3134
210843.0,33.733942,-84.505152
905852.0,33.774888,-84.49044599999998
903043.0,33.92157,-84.331761
212590.0,33.610554,-84.330822
900795.0,33.729651000000004,-84.523433
906189.0,33.878604,-84.26880899999998
213094.0,33.7278,-84.475263
211199.0,33.70155,-84.297542
210167.0,33.890578000000005,-84.310957
901571.0,33.791763,-84.366737
210165.0,33.910521,-84.28576899999999
905815.0,33.884418,-84.380749
212645.0,33.587694,-84.378043
213309.0,33.994306,-84.28119000000002
901314.0,33.759135,-84.275093
197100.0,33.549064,-84.60505699999999
904406.0,33.767866999999995,-84.43314000000002
182006.0,33.600811,-84.544178
100028.0,33.752027000000005,-84.417322
130116.0,33.711005,-84.25939
139002.0,33.712029,-84.364046
901927.0,33.825047,-84.347933
211514.0,33.693892,-84.506168
106162.0,33.747104,-84.298385
131052.0,33.715237,-84.225235
902091.0,33.825373,-84.284071
905522.0,33.880747,-84.262274
106274.0,33.743061,-84.27711500000002
903498.0,33.812658,-84.297187
903124.0,33.95243,-84.31196
211162.0,33.747487,-84.268893
900439.0,33.871414,-84.29030999999998
902396.0,33.757909999999995,-84.338531
901592.0,33.83583400000001,-84.316898
213516.0,33.619354,-84.53360500000002
213129.0,33.914905,-84.414389
106182.0,33.739998,-84.306495
197130.0,33.537541999999995,-84.63414
130202.0,33.704608,-84.25247
213039.0,33.617853000000004,-84.28525400000002
906179.0,33.909672,-84.29068199999998
213444.0,33.634223,-84.499003
900282.0,33.857865000000004,-84.254902
213503.0,33.5745,-84.537746
190022.0,33.559740000000005,-84.58838399999998
147010.0,33.685938,-84.420547
105004.0,33.736149,-84.34177700000002
213117.0,33.554728000000004,-84.308367
129206.0,33.720001,-84.304686
106066.0,33.731895,-84.30504599999998
904602.0,33.757793,-84.28138
152056.0,33.693533,-84.321938
212823.0,33.911323,-84.404995
213093.0,33.725433,-84.470802
127090.0,33.712117,-84.35309699999998
902738.0,33.952557,-84.305428
902202.0,33.823353999999995,-84.296944
905378.0,33.91494,-84.27038
901753.0,33.811722,-84.47058100000002
902004.0,33.802159,-84.48569599999998
213551.0,33.659502,-84.293192
114050.0,33.741009000000005,-84.414238
212456.0,33.474163,-84.33677
128022.0,33.711247,-84.31501
212994.0,33.766789,-84.306717
213476.0,33.663716,-84.46839
212034.0,33.896001,-84.342889
120078.0,33.718296,-84.50788100000003
212614.0,33.926521,-84.367509
211699.0,33.818452,-84.416759
210079.0,33.61465,-84.525334
902496.0,33.831322,-84.258723
904637.0,33.781656,-84.374575
106280.0,33.751453999999995,-84.298427
213497.0,33.574824,-84.53037900000002
211940.0,33.817535,-84.432132
120104.0,33.707486,-84.530636
904992.0,33.763348,-84.292562
902133.0,33.785946,-84.367485
212859.0,33.441434,-84.334372
212702.0,33.605395,-84.30129699999998
903622.0,33.79268,-84.29674
213143.0,33.845357,-84.197075
902982.0,34.06256,-84.24746999999998
211656.0,33.575852000000005,-84.48910500000002
213239.0,33.841558,-84.42093299999998
212567.0,33.441175,-84.326327
149046.0,33.696378,-84.38571
212591.0,33.610554,-84.336151
211145.0,33.832503,-84.417973
901401.0,33.752838,-84.451514
128136.0,33.717226000000004,-84.34303299999998
213598.0,33.814803999999995,-84.366462
212509.0,33.622365,-84.284665
904097.0,33.784,-84.49762
213249.0,33.442124,-84.31479499999998
213265.0,33.763751,-84.228663
210572.0,33.742967,-84.40987700000002
213542.0,33.674485,-84.283726
905960.0,33.854861,-84.339331
213544.0,33.675286,-84.296252
902743.0,33.939219,-84.282889
900513.0,33.855803,-84.264983
212458.0,33.445257,-84.34285200000002
134094.0,33.709563,-84.119033
905905.0,33.839833,-84.342876
903125.0,33.938990999999994,-84.297033
211447.0,33.684223,-84.38874200000002
901807.0,33.803665,-84.373501
900473.0,33.822651,-84.415763
213247.0,33.450409,-84.31532
900432.0,33.872285999999995,-84.277862
213251.0,33.435981,-84.314471
212911.0,33.496423,-84.343882
212624.0,33.923668,-84.382509
213522.0,33.618562,-84.55901899999998
212563.0,33.445196,-84.323815
213361.0,33.711309,-84.454717
212985.0,33.821962,-84.444281
212565.0,33.432371999999994,-84.320177
905897.0,33.889245,-84.259774
905608.0,33.885760999999995,-84.300507
213245.0,33.826013,-84.40749699999998
902034.0,33.843929,-84.291462
902055.0,33.799745,-84.344205
904109.0,33.766493,-84.490255
903766.0,33.759069000000004,-84.483036
211597.0,33.863423,-84.440022
213113.0,33.916438,-84.397603
900504.0,33.854759,-84.271341
212593.0,33.613077000000004,-84.344105
906165.0,33.870373,-84.263611
212987.0,33.894105,-84.337661
212455.0,33.452109,-84.32592700000002
212451.0,33.485445,-84.340336
111020.0,33.736045000000004,-84.11662700000002
903304.0,33.771654,-84.239538
213412.0,33.749497,-84.468956
903126.0,33.95026,-84.31968
213243.0,33.452269,-84.310917
134013.0,33.72237,-84.10963000000002
134054.0,33.708599,-84.102773
900310.0,33.85546,-84.276762
106240.0,33.754742,-84.301773
108058.0,33.752855,-84.23567800000002
901395.0,33.74778,-84.522033
210815.0,33.769666,-84.53194
211331.0,33.947897999999995,-84.326336
211484.0,33.699887,-84.309905
211936.0,33.704104,-84.316162
211977.0,33.714787,-84.458906
212460.0,33.448938,-84.339496
212606.0,33.919225,-84.391527
212909.0,33.491677,-84.342158
213000.0,33.76756,-84.317079
213153.0,33.670102,-84.430986
213530.0,33.448249,-84.33133000000002
213535.0,33.812865,-84.37661800000002
213600.0,33.469176000000004,-84.336087
213602.0,33.448401000000004,-84.32066400000002
902903.0,34.091726,-84.29043100000001
903753.0,33.766602,-84.518242
904449.0,33.754917,-84.276206
904828.0,33.765972,-84.296646
904903.0,33.766702,-84.282703
906878.0,33.709610999999995,-84.460114
121074.0,33.715874,-84.48407399999998
213601.0,33.461636,-84.331526
